{"id":"80297d03-591e-435b-9919-389495066745","revision":0,"last_node_id":133,"last_link_id":219,"nodes":[{"id":69,"type":"WanVideoLoraSelect","pos":[142.83325200322756,-1248.4198436353452],"size":[583.5029907226562,176],"flags":{},"order":0,"mode":0,"inputs":[{"localized_name":"prev_lora","name":"prev_lora","shape":7,"type":"WANVIDLORA","link":null},{"localized_name":"blocks","name":"blocks","shape":7,"type":"SELECTEDBLOCKS","link":null},{"localized_name":"lora","name":"lora","type":"COMBO","widget":{"name":"lora"},"link":null},{"localized_name":"strength","name":"strength","type":"FLOAT","widget":{"name":"strength"},"link":null},{"localized_name":"low_mem_load","name":"low_mem_load","shape":7,"type":"BOOLEAN","widget":{"name":"low_mem_load"},"link":null},{"localized_name":"merge_loras","name":"merge_loras","shape":7,"type":"BOOLEAN","widget":{"name":"merge_loras"},"link":null}],"outputs":[{"localized_name":"lora","name":"lora","type":"WANVIDLORA","links":[106]}],"properties":{"cnr_id":"ComfyUI-WanVideoWrapper","ver":"6b9565ed6307168c45770ec08517d7df65b61e3f","Node name for S&R":"WanVideoLoraSelect"},"widgets_values":["WanVideo/Lightx2v/lightx2v_I2V_14B_480p_cfg_step_distill_rank64_bf16.safetensors",1,false,false],"color":"#223","bgcolor":"#335"},{"id":103,"type":"GetNode","pos":[-673.0878895353073,-195.25895914092564],"size":[210,34],"flags":{"collapsed":true},"order":1,"mode":0,"inputs":[],"outputs":[{"name":"INT","type":"INT","links":[164]}],"title":"Get_height","properties":{},"widgets_values":["height"],"color":"#1b4669","bgcolor":"#29699c"},{"id":104,"type":"GetNode","pos":[-169.76665837452177,-116.6225992505428],"size":[210,34],"flags":{"collapsed":true},"order":2,"mode":0,"inputs":[],"outputs":[{"name":"INT","type":"INT","links":[165]}],"title":"Get_width","properties":{},"widgets_values":["width"],"color":"#1b4669","bgcolor":"#29699c"},{"id":105,"type":"GetNode","pos":[-170.8567449124844,-69.7502752811466],"size":[210,34],"flags":{"collapsed":true},"order":3,"mode":0,"inputs":[],"outputs":[{"name":"INT","type":"INT","links":[166]}],"title":"Get_height","properties":{},"widgets_values":["height"],"color":"#1b4669","bgcolor":"#29699c"},{"id":82,"type":"WanVideoClipVisionEncode","pos":[940.2580703822103,874.3085592043358],"size":[327.5999755859375,262],"flags":{"collapsed":true},"order":49,"mode":0,"inputs":[{"localized_name":"clip_vision","name":"clip_vision","type":"CLIP_VISION","link":171},{"localized_name":"image_1","name":"image_1","type":"IMAGE","link":114},{"localized_name":"image_2","name":"image_2","shape":7,"type":"IMAGE","link":null},{"localized_name":"negative_image","name":"negative_image","shape":7,"type":"IMAGE","link":null},{"localized_name":"strength_1","name":"strength_1","type":"FLOAT","widget":{"name":"strength_1"},"link":null},{"localized_name":"strength_2","name":"strength_2","type":"FLOAT","widget":{"name":"strength_2"},"link":null},{"localized_name":"crop","name":"crop","type":"COMBO","widget":{"name":"crop"},"link":null},{"localized_name":"combine_embeds","name":"combine_embeds","type":"COMBO","widget":{"name":"combine_embeds"},"link":null},{"localized_name":"force_offload","name":"force_offload","type":"BOOLEAN","widget":{"name":"force_offload"},"link":null},{"localized_name":"tiles","name":"tiles","shape":7,"type":"INT","widget":{"name":"tiles"},"link":null},{"localized_name":"ratio","name":"ratio","shape":7,"type":"FLOAT","widget":{"name":"ratio"},"link":null}],"outputs":[{"localized_name":"image_embeds","name":"image_embeds","type":"WANVIDIMAGE_CLIPEMBEDS","links":[115]}],"properties":{"cnr_id":"ComfyUI-WanVideoWrapper","ver":"d9b1f4d1a5aea91d101ae97a54714a5861af3f50","Node name for S&R":"WanVideoClipVisionEncode"},"widgets_values":[1,1,"center","average",true,0,0.20000000000000004],"color":"#233","bgcolor":"#355"},{"id":28,"type":"WanVideoDecode","pos":[1605.6112420868067,-655.6036362809716],"size":[315,198],"flags":{},"order":53,"mode":0,"inputs":[{"localized_name":"vae","name":"vae","type":"WANVAE","link":174},{"localized_name":"samples","name":"samples","type":"LATENT","link":195},{"localized_name":"enable_vae_tiling","name":"enable_vae_tiling","type":"BOOLEAN","widget":{"name":"enable_vae_tiling"},"link":null},{"localized_name":"tile_x","name":"tile_x","type":"INT","widget":{"name":"tile_x"},"link":null},{"localized_name":"tile_y","name":"tile_y","type":"INT","widget":{"name":"tile_y"},"link":null},{"localized_name":"tile_stride_x","name":"tile_stride_x","type":"INT","widget":{"name":"tile_stride_x"},"link":null},{"localized_name":"tile_stride_y","name":"tile_stride_y","type":"INT","widget":{"name":"tile_stride_y"},"link":null},{"localized_name":"normalization","name":"normalization","shape":7,"type":"COMBO","widget":{"name":"normalization"},"link":null}],"outputs":[{"localized_name":"images","name":"images","type":"IMAGE","slot_index":0,"links":[179]}],"properties":{"cnr_id":"ComfyUI-WanVideoWrapper","ver":"d9b1f4d1a5aea91d101ae97a54714a5861af3f50","Node name for S&R":"WanVideoDecode"},"widgets_values":[false,272,272,144,128,"default"],"color":"#322","bgcolor":"#533"},{"id":97,"type":"GetNode","pos":[1784.9691926629866,-797.144678331173],"size":[210,60],"flags":{"collapsed":true},"order":4,"mode":0,"inputs":[],"outputs":[{"name":"IMAGE","type":"IMAGE","links":[155]}],"title":"Get_start_frame","properties":{},"widgets_values":["start_frame"],"color":"#2a363b","bgcolor":"#3f5159"},{"id":114,"type":"GetNode","pos":[1795.0266377964203,-744.7427387327818],"size":[210,50],"flags":{"collapsed":true},"order":5,"mode":0,"inputs":[],"outputs":[{"name":"IMAGE","type":"IMAGE","links":[177]}],"title":"Get_poses","properties":{},"widgets_values":["poses"],"color":"#2a363b","bgcolor":"#3f5159"},{"id":79,"type":"ImageConcatMulti","pos":[1972.027527964287,-740.4807419241877],"size":[261.2797068857276,170],"flags":{"collapsed":true},"order":29,"mode":0,"inputs":[{"localized_name":"image_1","name":"image_1","type":"IMAGE","link":155},{"localized_name":"image_2","name":"image_2","shape":7,"type":"IMAGE","link":177},{"localized_name":"inputcount","name":"inputcount","type":"INT","widget":{"name":"inputcount"},"link":null},{"localized_name":"direction","name":"direction","type":"COMBO","widget":{"name":"direction"},"link":null},{"localized_name":"match_image_size","name":"match_image_size","type":"BOOLEAN","widget":{"name":"match_image_size"},"link":null}],"outputs":[{"localized_name":"images","name":"images","type":"IMAGE","links":[180]}],"properties":{"cnr_id":"comfyui-kjnodes","ver":"f37df472dfb325f1f72c90e2df56e72f40f850f0"},"widgets_values":[2,"down",false,null]},{"id":35,"type":"WanVideoTorchCompileSettings","pos":[-1293.5101726182736,-1288.415371412403],"size":[390.5999755859375,250],"flags":{},"order":6,"mode":0,"inputs":[{"localized_name":"backend","name":"backend","type":"COMBO","widget":{"name":"backend"},"link":null},{"localized_name":"fullgraph","name":"fullgraph","type":"BOOLEAN","widget":{"name":"fullgraph"},"link":null},{"localized_name":"mode","name":"mode","type":"COMBO","widget":{"name":"mode"},"link":null},{"localized_name":"dynamic","name":"dynamic","type":"BOOLEAN","widget":{"name":"dynamic"},"link":null},{"localized_name":"dynamo_cache_size_limit","name":"dynamo_cache_size_limit","type":"INT","widget":{"name":"dynamo_cache_size_limit"},"link":null},{"localized_name":"compile_transformer_blocks_only","name":"compile_transformer_blocks_only","type":"BOOLEAN","widget":{"name":"compile_transformer_blocks_only"},"link":null},{"localized_name":"dynamo_recompile_limit","name":"dynamo_recompile_limit","shape":7,"type":"INT","widget":{"name":"dynamo_recompile_limit"},"link":null},{"localized_name":"force_parameter_static_shapes","name":"force_parameter_static_shapes","shape":7,"type":"BOOLEAN","widget":{"name":"force_parameter_static_shapes"},"link":null},{"localized_name":"allow_unmerged_lora_compile","name":"allow_unmerged_lora_compile","shape":7,"type":"BOOLEAN","widget":{"name":"allow_unmerged_lora_compile"},"link":null}],"outputs":[{"localized_name":"torch_compile_args","name":"torch_compile_args","type":"WANCOMPILEARGS","slot_index":0,"links":[120]}],"properties":{"cnr_id":"ComfyUI-WanVideoWrapper","ver":"d9b1f4d1a5aea91d101ae97a54714a5861af3f50","Node name for S&R":"WanVideoTorchCompileSettings"},"widgets_values":["inductor",false,"default",false,64,true,128,false,false],"color":"#223","bgcolor":"#335"},{"id":39,"type":"WanVideoBlockSwap","pos":[-262.8103146556545,-1318.1035951069507],"size":[315,202],"flags":{},"order":7,"mode":0,"inputs":[{"localized_name":"blocks_to_swap","name":"blocks_to_swap","type":"INT","widget":{"name":"blocks_to_swap"},"link":null},{"localized_name":"offload_img_emb","name":"offload_img_emb","type":"BOOLEAN","widget":{"name":"offload_img_emb"},"link":null},{"localized_name":"offload_txt_emb","name":"offload_txt_emb","type":"BOOLEAN","widget":{"name":"offload_txt_emb"},"link":null},{"localized_name":"use_non_blocking","name":"use_non_blocking","shape":7,"type":"BOOLEAN","widget":{"name":"use_non_blocking"},"link":null},{"localized_name":"vace_blocks_to_swap","name":"vace_blocks_to_swap","shape":7,"type":"INT","widget":{"name":"vace_blocks_to_swap"},"link":null},{"localized_name":"prefetch_blocks","name":"prefetch_blocks","shape":7,"type":"INT","widget":{"name":"prefetch_blocks"},"link":null},{"localized_name":"block_swap_debug","name":"block_swap_debug","shape":7,"type":"BOOLEAN","widget":{"name":"block_swap_debug"},"link":null}],"outputs":[{"localized_name":"block_swap_args","name":"block_swap_args","type":"BLOCKSWAPARGS","slot_index":0,"links":[92]}],"properties":{"cnr_id":"ComfyUI-WanVideoWrapper","ver":"d9b1f4d1a5aea91d101ae97a54714a5861af3f50","Node name for S&R":"WanVideoBlockSwap"},"widgets_values":[35,false,false,true,0,1,false],"color":"#223","bgcolor":"#335"},{"id":70,"type":"WanVideoSetBlockSwap","pos":[-267.2797667623184,-1043.59269546829],"size":[209.6841796875,46],"flags":{},"order":35,"mode":0,"inputs":[{"localized_name":"model","name":"model","type":"WANVIDEOMODEL","link":90},{"localized_name":"block_swap_args","name":"block_swap_args","shape":7,"type":"BLOCKSWAPARGS","link":92}],"outputs":[{"localized_name":"model","name":"model","type":"WANVIDEOMODEL","links":[104]}],"properties":{"cnr_id":"ComfyUI-WanVideoWrapper","ver":"5406a72f62adf4a31a8a0a0e4923cc5288399652","Node name for S&R":"WanVideoSetBlockSwap"},"widgets_values":[],"color":"#223","bgcolor":"#335"},{"id":38,"type":"WanVideoVAELoader","pos":[-830.7084410519781,-752.4044820163829],"size":[372.7727966308594,106],"flags":{},"order":8,"mode":0,"inputs":[{"localized_name":"compile_args","name":"compile_args","shape":7,"type":"WANCOMPILEARGS","link":null},{"localized_name":"model_name","name":"model_name","type":"COMBO","widget":{"name":"model_name"},"link":null},{"localized_name":"precision","name":"precision","shape":7,"type":"COMBO","widget":{"name":"precision"},"link":null},{"localized_name":"use_cpu_cache","name":"use_cpu_cache","shape":7,"type":"BOOLEAN","widget":{"name":"use_cpu_cache"},"link":null}],"outputs":[{"localized_name":"vae","name":"vae","type":"WANVAE","slot_index":0,"links":[172]}],"properties":{"cnr_id":"ComfyUI-WanVideoWrapper","ver":"d9b1f4d1a5aea91d101ae97a54714a5861af3f50","Node name for S&R":"WanVideoVAELoader"},"widgets_values":["wanvideo/Wan2_1_VAE_bf16.safetensors","bf16",false],"color":"#322","bgcolor":"#533"},{"id":108,"type":"SetNode","pos":[-418.8157817947404,-714.7388879398823],"size":[210,60],"flags":{"collapsed":true},"order":31,"mode":0,"inputs":[{"name":"WANVAE","type":"WANVAE","link":172}],"outputs":[{"name":"*","type":"*","links":[]}],"title":"Set_VAE","properties":{"previousName":"VAE"},"widgets_values":["VAE"],"color":"#322","bgcolor":"#533"},{"id":109,"type":"GetNode","pos":[1456.8216683691237,-622.4945266259768],"size":[210,60],"flags":{"collapsed":true},"order":9,"mode":0,"inputs":[],"outputs":[{"name":"WANVAE","type":"WANVAE","links":[174]}],"title":"Get_VAE","properties":{},"widgets_values":["VAE"],"color":"#322","bgcolor":"#533"},{"id":116,"type":"GetNode","pos":[-146.52946730984448,-257.5730453476602],"size":[210,34],"flags":{"collapsed":true},"order":10,"mode":0,"inputs":[],"outputs":[{"name":"WANVAE","type":"WANVAE","links":[182]}],"title":"Get_VAE","properties":{},"widgets_values":["VAE"],"color":"#322","bgcolor":"#533"},{"id":81,"type":"GetImageRangeFromBatch","pos":[945.0538803083613,926.2278660836186],"size":[340.3267578125,102],"flags":{"collapsed":true},"order":48,"mode":0,"inputs":[{"localized_name":"images","name":"images","shape":7,"type":"IMAGE","link":186},{"localized_name":"masks","name":"masks","shape":7,"type":"MASK","link":null},{"localized_name":"start_index","name":"start_index","type":"INT","widget":{"name":"start_index"},"link":null},{"localized_name":"num_frames","name":"num_frames","type":"INT","widget":{"name":"num_frames"},"link":null}],"outputs":[{"localized_name":"图像","name":"IMAGE","type":"IMAGE","links":[114]},{"localized_name":"遮罩","name":"MASK","type":"MASK","links":null}],"properties":{"cnr_id":"comfyui-kjnodes","ver":"f37df472dfb325f1f72c90e2df56e72f40f850f0","Node name for S&R":"GetImageRangeFromBatch"},"widgets_values":[0,1]},{"id":72,"type":"WanVideoEncode","pos":[623.2410903688957,572.1071945906087],"size":[270,242],"flags":{},"order":47,"mode":0,"inputs":[{"localized_name":"vae","name":"vae","type":"WANVAE","link":175},{"localized_name":"image","name":"image","type":"IMAGE","link":185},{"localized_name":"mask","name":"mask","shape":7,"type":"MASK","link":null},{"localized_name":"enable_vae_tiling","name":"enable_vae_tiling","type":"BOOLEAN","widget":{"name":"enable_vae_tiling"},"link":null},{"localized_name":"tile_x","name":"tile_x","type":"INT","widget":{"name":"tile_x"},"link":null},{"localized_name":"tile_y","name":"tile_y","type":"INT","widget":{"name":"tile_y"},"link":null},{"localized_name":"tile_stride_x","name":"tile_stride_x","type":"INT","widget":{"name":"tile_stride_x"},"link":null},{"localized_name":"tile_stride_y","name":"tile_stride_y","type":"INT","widget":{"name":"tile_stride_y"},"link":null},{"localized_name":"noise_aug_strength","name":"noise_aug_strength","shape":7,"type":"FLOAT","widget":{"name":"noise_aug_strength"},"link":null},{"localized_name":"latent_strength","name":"latent_strength","shape":7,"type":"FLOAT","widget":{"name":"latent_strength"},"link":null}],"outputs":[{"localized_name":"samples","name":"samples","type":"LATENT","links":[102]}],"properties":{"cnr_id":"ComfyUI-WanVideoWrapper","ver":"772642b4f132a077f655ff24d11cb99ef108aff5","Node name for S&R":"WanVideoEncode"},"widgets_values":[false,272,272,144,128,0,1],"color":"#322","bgcolor":"#533"},{"id":112,"type":"GetNode","pos":[635.4993624450752,524.546576932489],"size":[210,34],"flags":{"collapsed":true},"order":11,"mode":0,"inputs":[],"outputs":[{"name":"WANVAE","type":"WANVAE","links":[175]}],"title":"Get_VAE","properties":{},"widgets_values":["VAE"],"color":"#322","bgcolor":"#533"},{"id":78,"type":"WanVideoSetLoRAs","pos":[187.88410531738057,-997.8689830032076],"size":[178.5533203125,46],"flags":{},"order":39,"mode":0,"inputs":[{"localized_name":"model","name":"model","type":"WANVIDEOMODEL","link":104},{"localized_name":"lora","name":"lora","shape":7,"type":"WANVIDLORA","link":106}],"outputs":[{"localized_name":"model","name":"model","type":"WANVIDEOMODEL","links":[192]}],"properties":{"cnr_id":"ComfyUI-WanVideoWrapper","ver":"772642b4f132a077f655ff24d11cb99ef108aff5","Node name for S&R":"WanVideoSetLoRAs"},"widgets_values":[],"color":"#223","bgcolor":"#335"},{"id":92,"type":"WanVideoTextEncodeCached","pos":[887.0207817526978,-1013.4887225568854],"size":[450.14238398856924,384.84408195123683],"flags":{},"order":12,"mode":0,"inputs":[{"localized_name":"extender_args","name":"extender_args","shape":7,"type":"WANVIDEOPROMPTEXTENDER_ARGS","link":null},{"localized_name":"model_name","name":"model_name","type":"COMBO","widget":{"name":"model_name"},"link":null},{"localized_name":"precision","name":"precision","type":"COMBO","widget":{"name":"precision"},"link":null},{"localized_name":"positive_prompt","name":"positive_prompt","type":"STRING","widget":{"name":"positive_prompt"},"link":null},{"localized_name":"negative_prompt","name":"negative_prompt","type":"STRING","widget":{"name":"negative_prompt"},"link":null},{"localized_name":"quantization","name":"quantization","type":"COMBO","widget":{"name":"quantization"},"link":null},{"localized_name":"use_disk_cache","name":"use_disk_cache","type":"BOOLEAN","widget":{"name":"use_disk_cache"},"link":null},{"localized_name":"device","name":"device","type":"COMBO","widget":{"name":"device"},"link":null}],"outputs":[{"localized_name":"text_embeds","name":"text_embeds","type":"WANVIDEOTEXTEMBEDS","links":[196]},{"localized_name":"negative_text_embeds","name":"negative_text_embeds","type":"WANVIDEOTEXTEMBEDS","links":null},{"localized_name":"positive_prompt","name":"positive_prompt","type":"STRING","links":null}],"properties":{"cnr_id":"ComfyUI-WanVideoWrapper","ver":"394c7c13d24e5d3378e8259f9c2f9d33c49d985f","Node name for S&R":"WanVideoTextEncodeCached"},"widgets_values":["umt5-xxl-enc-bf16.safetensors","bf16","woman running on a beach","色调艳丽，过曝，静态，细节模糊不清，字幕，风格，作品，画作，画面，静止，整体发灰，最差质量，低质量，JPEG压缩残留，丑陋的，残缺的，多余的手指，画得不好的手部，画得不好的脸部，畸形的，毁容的，形态畸形的肢体，手指融合，静止不动的画面，杂乱的背景，三条腿，背景人很多，倒着走","disabled",true,"gpu"],"color":"#332922","bgcolor":"#593930"},{"id":87,"type":"WanVideoContextOptions","pos":[855.077517790794,-538.2635362112408],"size":[275.783203125,202],"flags":{},"order":13,"mode":0,"inputs":[{"localized_name":"reference_latent","name":"reference_latent","shape":7,"type":"LATENT","link":null},{"localized_name":"context_schedule","name":"context_schedule","type":"COMBO","widget":{"name":"context_schedule"},"link":null},{"localized_name":"context_frames","name":"context_frames","type":"INT","widget":{"name":"context_frames"},"link":null},{"localized_name":"context_stride","name":"context_stride","type":"INT","widget":{"name":"context_stride"},"link":null},{"localized_name":"context_overlap","name":"context_overlap","type":"INT","widget":{"name":"context_overlap"},"link":null},{"localized_name":"freenoise","name":"freenoise","type":"BOOLEAN","widget":{"name":"freenoise"},"link":null},{"localized_name":"verbose","name":"verbose","type":"BOOLEAN","widget":{"name":"verbose"},"link":null},{"localized_name":"fuse_method","name":"fuse_method","shape":7,"type":"COMBO","widget":{"name":"fuse_method"},"link":null}],"outputs":[{"localized_name":"context_options","name":"context_options","type":"WANVIDCONTEXT","links":[193]}],"properties":{"cnr_id":"ComfyUI-WanVideoWrapper","ver":"394c7c13d24e5d3378e8259f9c2f9d33c49d985f","Node name for S&R":"WanVideoContextOptions"},"widgets_values":["uniform_standard",81,4,16,true,false,"linear"]},{"id":123,"type":"PrimitiveNode","pos":[845.7007526254484,-13.41171771418989],"size":[210,82],"flags":{},"order":14,"mode":0,"inputs":[],"outputs":[{"name":"FLOAT","type":"FLOAT","widget":{"name":"cfg"},"links":[205]}],"title":"cfg","properties":{"Run widget replace on values":false},"widgets_values":[1,"fixed"]},{"id":124,"type":"PrimitiveNode","pos":[831.5300268213613,-284.8349824862588],"size":[210,106],"flags":{},"order":15,"mode":0,"inputs":[],"outputs":[{"name":"INT","type":"INT","widget":{"name":"seed"},"links":[207]}],"title":"seed","properties":{"Run widget replace on values":false},"widgets_values":[42,"fixed"]},{"id":119,"type":"WanVideoSamplerSettings","pos":[894.5619671678012,-104.9760927796988],"size":[309.1171875,690],"flags":{"collapsed":true},"order":51,"mode":0,"inputs":[{"localized_name":"model","name":"model","type":"WANVIDEOMODEL","link":192},{"localized_name":"image_embeds","name":"image_embeds","type":"WANVIDIMAGE_EMBEDS","link":194},{"localized_name":"text_embeds","name":"text_embeds","shape":7,"type":"WANVIDEOTEXTEMBEDS","link":196},{"localized_name":"samples","name":"samples","shape":7,"type":"LATENT","link":null},{"localized_name":"feta_args","name":"feta_args","shape":7,"type":"FETAARGS","link":null},{"localized_name":"context_options","name":"context_options","shape":7,"type":"WANVIDCONTEXT","link":193},{"localized_name":"cache_args","name":"cache_args","shape":7,"type":"CACHEARGS","link":null},{"localized_name":"flowedit_args","name":"flowedit_args","shape":7,"type":"FLOWEDITARGS","link":null},{"localized_name":"slg_args","name":"slg_args","shape":7,"type":"SLGARGS","link":null},{"localized_name":"loop_args","name":"loop_args","shape":7,"type":"LOOPARGS","link":null},{"localized_name":"experimental_args","name":"experimental_args","shape":7,"type":"EXPERIMENTALARGS","link":null},{"localized_name":"sigmas","name":"sigmas","shape":7,"type":"SIGMAS","link":null},{"localized_name":"unianimate_poses","name":"unianimate_poses","shape":7,"type":"UNIANIMATE_POSE","link":null},{"localized_name":"fantasytalking_embeds","name":"fantasytalking_embeds","shape":7,"type":"FANTASYTALKING_EMBEDS","link":null},{"localized_name":"uni3c_embeds","name":"uni3c_embeds","shape":7,"type":"UNI3C_EMBEDS","link":null},{"localized_name":"multitalk_embeds","name":"multitalk_embeds","shape":7,"type":"MULTITALK_EMBEDS","link":null},{"localized_name":"freeinit_args","name":"freeinit_args","shape":7,"type":"FREEINITARGS","link":null},{"localized_name":"steps","name":"steps","type":"INT","widget":{"name":"steps"},"link":null},{"localized_name":"cfg","name":"cfg","type":"FLOAT","widget":{"name":"cfg"},"link":205},{"localized_name":"shift","name":"shift","type":"FLOAT","widget":{"name":"shift"},"link":null},{"localized_name":"seed","name":"seed","type":"INT","widget":{"name":"seed"},"link":207},{"localized_name":"force_offload","name":"force_offload","type":"BOOLEAN","widget":{"name":"force_offload"},"link":null},{"localized_name":"scheduler","name":"scheduler","type":"COMBO","widget":{"name":"scheduler"},"link":206},{"localized_name":"riflex_freq_index","name":"riflex_freq_index","type":"INT","widget":{"name":"riflex_freq_index"},"link":null},{"localized_name":"denoise_strength","name":"denoise_strength","shape":7,"type":"FLOAT","widget":{"name":"denoise_strength"},"link":null},{"localized_name":"batched_cfg","name":"batched_cfg","shape":7,"type":"BOOLEAN","widget":{"name":"batched_cfg"},"link":null},{"localized_name":"rope_function","name":"rope_function","shape":7,"type":"COMBO","widget":{"name":"rope_function"},"link":null},{"localized_name":"start_step","name":"start_step","shape":7,"type":"INT","widget":{"name":"start_step"},"link":null},{"localized_name":"end_step","name":"end_step","shape":7,"type":"INT","widget":{"name":"end_step"},"link":null},{"localized_name":"add_noise_to_samples","name":"add_noise_to_samples","shape":7,"type":"BOOLEAN","widget":{"name":"add_noise_to_samples"},"link":null}],"outputs":[{"localized_name":"sampler_inputs","name":"sampler_inputs","type":"SAMPLER_ARGS","links":[191]}],"properties":{"cnr_id":"ComfyUI-WanVideoWrapper","ver":"394c7c13d24e5d3378e8259f9c2f9d33c49d985f","Node name for S&R":"WanVideoSamplerSettings"},"widgets_values":[4,1,5,42,"fixed",true,"dpm++_sde",0,1,false,"comfy",0,-1,false]},{"id":115,"type":"ImageConcatMulti","pos":[1966.034363762838,-688.6455293008553],"size":[261.2797068857276,170],"flags":{"collapsed":false},"order":54,"mode":0,"inputs":[{"localized_name":"image_1","name":"image_1","type":"IMAGE","link":179},{"localized_name":"image_2","name":"image_2","shape":7,"type":"IMAGE","link":180},{"localized_name":"inputcount","name":"inputcount","type":"INT","widget":{"name":"inputcount"},"link":null},{"localized_name":"direction","name":"direction","type":"COMBO","widget":{"name":"direction"},"link":null},{"localized_name":"match_image_size","name":"match_image_size","type":"BOOLEAN","widget":{"name":"match_image_size"},"link":null}],"outputs":[{"localized_name":"images","name":"images","type":"IMAGE","links":[181]}],"properties":{"cnr_id":"comfyui-kjnodes","ver":"f37df472dfb325f1f72c90e2df56e72f40f850f0"},"widgets_values":[2,"left",true,null]},{"id":122,"type":"WanVideoScheduler","pos":[1145.4126272117978,-537.9307646338074],"size":[296.1612785322477,459.8775846555228],"flags":{},"order":16,"mode":0,"inputs":[{"localized_name":"sigmas","name":"sigmas","shape":7,"type":"SIGMAS","link":null},{"localized_name":"scheduler","name":"scheduler","type":"COMBO","widget":{"name":"scheduler"},"link":null},{"localized_name":"steps","name":"steps","type":"INT","widget":{"name":"steps"},"link":null},{"localized_name":"shift","name":"shift","type":"FLOAT","widget":{"name":"shift"},"link":null},{"localized_name":"start_step","name":"start_step","type":"INT","widget":{"name":"start_step"},"link":null},{"localized_name":"end_step","name":"end_step","type":"INT","widget":{"name":"end_step"},"link":null}],"outputs":[{"localized_name":"sigmas","name":"sigmas","type":"SIGMAS","links":[]},{"localized_name":"steps","name":"steps","type":"INT","links":[]},{"localized_name":"shift","name":"shift","type":"FLOAT","links":[]},{"localized_name":"scheduler","name":"scheduler","type":"COMBO","links":[206]},{"localized_name":"start_step","name":"start_step","type":"INT","links":[]},{"localized_name":"end_step","name":"end_step","type":"INT","links":[]}],"properties":{"cnr_id":"ComfyUI-WanVideoWrapper","ver":"394c7c13d24e5d3378e8259f9c2f9d33c49d985f","Node name for S&R":"WanVideoScheduler"},"widgets_values":["dpm++_sde",4,5,0,-1]},{"id":83,"type":"VHS_VideoCombine","pos":[2308.9617297797527,-689.7735531694796],"size":[733.1427431068323,1172.0760587012282],"flags":{},"order":55,"mode":0,"inputs":[{"localized_name":"images","name":"images","type":"IMAGE","link":181},{"localized_name":"audio","name":"audio","shape":7,"type":"AUDIO","link":null},{"localized_name":"meta_batch","name":"meta_batch","shape":7,"type":"VHS_BatchManager","link":null},{"localized_name":"vae","name":"vae","shape":7,"type":"VAE","link":null},{"localized_name":"frame_rate","name":"frame_rate","type":"FLOAT","widget":{"name":"frame_rate"},"link":null},{"localized_name":"loop_count","name":"loop_count","type":"INT","widget":{"name":"loop_count"},"link":null},{"localized_name":"filename_prefix","name":"filename_prefix","type":"STRING","widget":{"name":"filename_prefix"},"link":null},{"localized_name":"format","name":"format","type":"COMBO","widget":{"name":"format"},"link":null},{"localized_name":"pingpong","name":"pingpong","type":"BOOLEAN","widget":{"name":"pingpong"},"link":null},{"localized_name":"save_output","name":"save_output","type":"BOOLEAN","widget":{"name":"save_output"},"link":null},{"name":"pix_fmt","type":["yuv420p","yuv420p10le"],"widget":{"name":"pix_fmt"},"link":null},{"name":"crf","type":"INT","widget":{"name":"crf"},"link":null},{"name":"save_metadata","type":"BOOLEAN","widget":{"name":"save_metadata"},"link":null},{"name":"trim_to_audio","type":"BOOLEAN","widget":{"name":"trim_to_audio"},"link":null}],"outputs":[{"localized_name":"Filenames","name":"Filenames","type":"VHS_FILENAMES","links":null}],"properties":{"cnr_id":"comfyui-videohelpersuite","ver":"0a75c7958fe320efcb052f1d9f8451fd20c730a8","Node name for S&R":"VHS_VideoCombine"},"widgets_values":{"frame_rate":24,"loop_count":0,"filename_prefix":"WanVideoWrapper_SteadyDancer","format":"video/h264-mp4","pix_fmt":"yuv420p","crf":19,"save_metadata":true,"trim_to_audio":false,"pingpong":false,"save_output":true,"videopreview":{"hidden":false,"paused":false,"params":{"filename":"WanVideoWrapper_SteadyDancer_00021.mp4","subfolder":"","type":"output","format":"video/h264-mp4","frame_rate":24,"workflow":"WanVideoWrapper_SteadyDancer_00021.png","fullpath":"/mnt/e/ComfyUI/output/WanVideoWrapper_SteadyDancer_00021.mp4"}}}},{"id":59,"type":"CLIPVisionLoader","pos":[-243.41497093211427,-718.0849119529955],"size":[315,58],"flags":{},"order":17,"mode":0,"inputs":[{"localized_name":"clip名称","name":"clip_name","type":"COMBO","widget":{"name":"clip_name"},"link":null}],"outputs":[{"localized_name":"CLIP视觉","name":"CLIP_VISION","type":"CLIP_VISION","links":[169]}],"properties":{"cnr_id":"comfy-core","ver":"0.3.26","Node name for S&R":"CLIPVisionLoader"},"widgets_values":["clip_vision_h.safetensors"],"color":"#233","bgcolor":"#355"},{"id":106,"type":"SetNode","pos":[122.2791041740774,-688.9258825994664],"size":[210,60],"flags":{"collapsed":true},"order":32,"mode":0,"inputs":[{"name":"CLIP_VISION","type":"CLIP_VISION","link":169}],"outputs":[{"name":"*","type":"*","links":[]}],"title":"Set_clip_vision","properties":{"previousName":"clip_vision"},"widgets_values":["clip_vision"],"color":"#233","bgcolor":"#355"},{"id":107,"type":"GetNode","pos":[943.9849108453217,829.4344804869705],"size":[210,60],"flags":{"collapsed":true},"order":18,"mode":0,"inputs":[],"outputs":[{"name":"CLIP_VISION","type":"CLIP_VISION","links":[171]}],"title":"Get_clip_vision","properties":{},"widgets_values":["clip_vision"]},{"id":65,"type":"WanVideoClipVisionEncode","pos":[8.15208231997663,-327.99382225016114],"size":[327.5999755859375,262],"flags":{"collapsed":true},"order":40,"mode":0,"inputs":[{"localized_name":"clip_vision","name":"clip_vision","type":"CLIP_VISION","link":208},{"localized_name":"image_1","name":"image_1","type":"IMAGE","link":209},{"localized_name":"image_2","name":"image_2","shape":7,"type":"IMAGE","link":null},{"localized_name":"negative_image","name":"negative_image","shape":7,"type":"IMAGE","link":null},{"localized_name":"strength_1","name":"strength_1","type":"FLOAT","widget":{"name":"strength_1"},"link":null},{"localized_name":"strength_2","name":"strength_2","type":"FLOAT","widget":{"name":"strength_2"},"link":null},{"localized_name":"crop","name":"crop","type":"COMBO","widget":{"name":"crop"},"link":null},{"localized_name":"combine_embeds","name":"combine_embeds","type":"COMBO","widget":{"name":"combine_embeds"},"link":null},{"localized_name":"force_offload","name":"force_offload","type":"BOOLEAN","widget":{"name":"force_offload"},"link":null},{"localized_name":"tiles","name":"tiles","shape":7,"type":"INT","widget":{"name":"tiles"},"link":null},{"localized_name":"ratio","name":"ratio","shape":7,"type":"FLOAT","widget":{"name":"ratio"},"link":null}],"outputs":[{"localized_name":"image_embeds","name":"image_embeds","type":"WANVIDIMAGE_CLIPEMBEDS","links":[82]}],"properties":{"cnr_id":"ComfyUI-WanVideoWrapper","ver":"d9b1f4d1a5aea91d101ae97a54714a5861af3f50","Node name for S&R":"WanVideoClipVisionEncode"},"widgets_values":[1,1,"center","average",true,0,0.20000000000000004],"color":"#233","bgcolor":"#355"},{"id":128,"type":"GetNode","pos":[8.298024131318089,-388.95651527367323],"size":[210,50],"flags":{"collapsed":true},"order":19,"mode":0,"inputs":[],"outputs":[{"name":"CLIP_VISION","type":"CLIP_VISION","links":[208]}],"title":"Get_clip_vision","properties":{},"widgets_values":["clip_vision"],"color":"#233","bgcolor":"#355"},{"id":96,"type":"SetNode","pos":[-184.96161244428805,-324.1033187845811],"size":[210,60],"flags":{"collapsed":true},"order":36,"mode":0,"inputs":[{"name":"IMAGE","type":"IMAGE","link":153}],"outputs":[{"name":"IMAGE","type":"IMAGE","links":[154,209]}],"title":"Set_start_frame","properties":{"previousName":"start_frame"},"widgets_values":["start_frame"],"color":"#2a363b","bgcolor":"#3f5159"},{"id":102,"type":"GetNode","pos":[-671.9978029973447,-242.13128311032187],"size":[210,34],"flags":{"collapsed":true},"order":20,"mode":0,"inputs":[],"outputs":[{"name":"INT","type":"INT","links":[163]}],"title":"Get_width","properties":{},"widgets_values":["width"],"color":"#1b4669","bgcolor":"#29699c"},{"id":63,"type":"WanVideoImageToVideoEncode","pos":[5.558780780183795,-281.23233753999017],"size":[352.79998779296875,434],"flags":{},"order":42,"mode":0,"inputs":[{"localized_name":"vae","name":"vae","shape":7,"type":"WANVAE","link":182},{"localized_name":"clip_embeds","name":"clip_embeds","shape":7,"type":"WANVIDIMAGE_CLIPEMBEDS","link":82},{"localized_name":"start_image","name":"start_image","shape":7,"type":"IMAGE","link":154},{"localized_name":"end_image","name":"end_image","shape":7,"type":"IMAGE","link":null},{"localized_name":"control_embeds","name":"control_embeds","shape":7,"type":"WANVIDIMAGE_EMBEDS","link":null},{"localized_name":"temporal_mask","name":"temporal_mask","shape":7,"type":"MASK","link":null},{"localized_name":"extra_latents","name":"extra_latents","shape":7,"type":"LATENT","link":null},{"localized_name":"add_cond_latents","name":"add_cond_latents","shape":7,"type":"ADD_COND_LATENTS","link":null},{"localized_name":"empty_frame_pad_image","name":"empty_frame_pad_image","shape":7,"type":"IMAGE","link":null},{"localized_name":"width","name":"width","type":"INT","widget":{"name":"width"},"link":165},{"localized_name":"height","name":"height","type":"INT","widget":{"name":"height"},"link":166},{"localized_name":"num_frames","name":"num_frames","type":"INT","widget":{"name":"num_frames"},"link":132},{"localized_name":"noise_aug_strength","name":"noise_aug_strength","type":"FLOAT","widget":{"name":"noise_aug_strength"},"link":null},{"localized_name":"start_latent_strength","name":"start_latent_strength","type":"FLOAT","widget":{"name":"start_latent_strength"},"link":null},{"localized_name":"end_latent_strength","name":"end_latent_strength","type":"FLOAT","widget":{"name":"end_latent_strength"},"link":null},{"localized_name":"force_offload","name":"force_offload","type":"BOOLEAN","widget":{"name":"force_offload"},"link":null},{"localized_name":"fun_or_fl2v_model","name":"fun_or_fl2v_model","shape":7,"type":"BOOLEAN","widget":{"name":"fun_or_fl2v_model"},"link":null},{"localized_name":"tiled_vae","name":"tiled_vae","shape":7,"type":"BOOLEAN","widget":{"name":"tiled_vae"},"link":null},{"localized_name":"augment_empty_frames","name":"augment_empty_frames","shape":7,"type":"FLOAT","widget":{"name":"augment_empty_frames"},"link":null}],"outputs":[{"localized_name":"image_embeds","name":"image_embeds","type":"WANVIDIMAGE_EMBEDS","links":[93]}],"properties":{"cnr_id":"ComfyUI-WanVideoWrapper","ver":"d9b1f4d1a5aea91d101ae97a54714a5861af3f50","Node name for S&R":"WanVideoImageToVideoEncode"},"widgets_values":[832,480,81,0,1,1,true,true,false,0],"color":"#322","bgcolor":"#533"},{"id":99,"type":"SetNode","pos":[-609.3413013989538,786.2686852704386],"size":[210,60],"flags":{"collapsed":true},"order":38,"mode":0,"inputs":[{"name":"INT","type":"INT","link":158}],"outputs":[{"name":"INT","type":"INT","links":[212]}],"title":"Set_height","properties":{"previousName":"height"},"widgets_values":["height"],"color":"#1b4669","bgcolor":"#29699c"},{"id":101,"type":"GetNode","pos":[-71.04055347292368,528.0130142002156],"size":[210,50],"flags":{"collapsed":true},"order":21,"mode":0,"inputs":[],"outputs":[{"name":"INT","type":"INT","links":[162]}],"title":"Get_width","properties":{},"widgets_values":["width"],"color":"#1b4669","bgcolor":"#29699c"},{"id":77,"type":"ImageResizeKJv2","pos":[-80.60316588583451,581.813193551805],"size":[270,336],"flags":{},"order":43,"mode":0,"inputs":[{"localized_name":"image","name":"image","type":"IMAGE","link":213},{"localized_name":"mask","name":"mask","shape":7,"type":"MASK","link":null},{"localized_name":"width","name":"width","type":"INT","widget":{"name":"width"},"link":162},{"localized_name":"height","name":"height","type":"INT","widget":{"name":"height"},"link":161},{"localized_name":"upscale_method","name":"upscale_method","type":"COMBO","widget":{"name":"upscale_method"},"link":null},{"localized_name":"keep_proportion","name":"keep_proportion","type":"COMBO","widget":{"name":"keep_proportion"},"link":null},{"localized_name":"pad_color","name":"pad_color","type":"STRING","widget":{"name":"pad_color"},"link":null},{"localized_name":"crop_position","name":"crop_position","type":"COMBO","widget":{"name":"crop_position"},"link":null},{"localized_name":"divisible_by","name":"divisible_by","type":"INT","widget":{"name":"divisible_by"},"link":null},{"localized_name":"device","name":"device","shape":7,"type":"COMBO","widget":{"name":"device"},"link":null}],"outputs":[{"localized_name":"图像","name":"IMAGE","type":"IMAGE","links":[176]},{"localized_name":"width","name":"width","type":"INT","links":[]},{"localized_name":"height","name":"height","type":"INT","links":[]},{"localized_name":"mask","name":"mask","type":"MASK","links":null}],"properties":{"cnr_id":"comfyui-kjnodes","ver":"ad37ce656c13e9abea002b46e3a89be3dba32355","Node name for S&R":"ImageResizeKJv2"},"widgets_values":[480,832,"lanczos","crop","0, 0, 0","center",16,"cpu","<tr><td>Output: </td><td><b>120</b> x <b>480</b> x <b>832 | 548.44MB</b></td></tr>"]},{"id":100,"type":"GetNode","pos":[-75.72781580907068,482.55786260858605],"size":[210,60],"flags":{"collapsed":true},"order":22,"mode":0,"inputs":[],"outputs":[{"name":"INT","type":"INT","links":[161]}],"title":"Get_height","properties":{},"widgets_values":["height"],"color":"#1b4669","bgcolor":"#29699c"},{"id":113,"type":"SetNode","pos":[66.38261557304351,981.6058906702484],"size":[211.19898541466569,60],"flags":{"collapsed":true},"order":45,"mode":0,"inputs":[{"name":"IMAGE","type":"IMAGE","link":176}],"outputs":[{"name":"IMAGE","type":"IMAGE","links":[184,185,186]}],"title":"Set_poses","properties":{"previousName":"poses"},"widgets_values":["poses"],"color":"#2a363b","bgcolor":"#3f5159"},{"id":117,"type":"VHS_VideoCombine","pos":[236.61945804923013,575.4567590988431],"size":[325.0440446848702,876.7430107871083],"flags":{},"order":46,"mode":0,"inputs":[{"localized_name":"images","name":"images","type":"IMAGE","link":184},{"localized_name":"audio","name":"audio","shape":7,"type":"AUDIO","link":null},{"localized_name":"meta_batch","name":"meta_batch","shape":7,"type":"VHS_BatchManager","link":null},{"localized_name":"vae","name":"vae","shape":7,"type":"VAE","link":null},{"localized_name":"frame_rate","name":"frame_rate","type":"FLOAT","widget":{"name":"frame_rate"},"link":null},{"localized_name":"loop_count","name":"loop_count","type":"INT","widget":{"name":"loop_count"},"link":null},{"localized_name":"filename_prefix","name":"filename_prefix","type":"STRING","widget":{"name":"filename_prefix"},"link":null},{"localized_name":"format","name":"format","type":"COMBO","widget":{"name":"format"},"link":null},{"localized_name":"pingpong","name":"pingpong","type":"BOOLEAN","widget":{"name":"pingpong"},"link":null},{"localized_name":"save_output","name":"save_output","type":"BOOLEAN","widget":{"name":"save_output"},"link":null},{"name":"pix_fmt","type":["yuv420p","yuv420p10le"],"widget":{"name":"pix_fmt"},"link":null},{"name":"crf","type":"INT","widget":{"name":"crf"},"link":null},{"name":"save_metadata","type":"BOOLEAN","widget":{"name":"save_metadata"},"link":null},{"name":"trim_to_audio","type":"BOOLEAN","widget":{"name":"trim_to_audio"},"link":null}],"outputs":[{"localized_name":"Filenames","name":"Filenames","type":"VHS_FILENAMES","links":null}],"properties":{"cnr_id":"comfyui-videohelpersuite","ver":"0a75c7958fe320efcb052f1d9f8451fd20c730a8","Node name for S&R":"VHS_VideoCombine"},"widgets_values":{"frame_rate":24,"loop_count":0,"filename_prefix":"vitpose","format":"video/h264-mp4","pix_fmt":"yuv420p","crf":19,"save_metadata":true,"trim_to_audio":false,"pingpong":false,"save_output":false,"videopreview":{"hidden":false,"paused":false,"params":{"filename":"vitpose_00004.mp4","subfolder":"","type":"temp","format":"video/h264-mp4","frame_rate":24,"workflow":"vitpose_00004.png","fullpath":"/mnt/e/ComfyUI/temp/vitpose_00004.mp4"}}}},{"id":71,"type":"WanVideoAddSteadyDancerEmbeds","pos":[974.8923491579199,392.5537037600541],"size":[340.374609375,214],"flags":{},"order":50,"mode":0,"inputs":[{"localized_name":"embeds","name":"embeds","type":"WANVIDIMAGE_EMBEDS","link":93},{"localized_name":"pose_latents_positive","name":"pose_latents_positive","type":"LATENT","link":102},{"localized_name":"pose_latents_negative","name":"pose_latents_negative","shape":7,"type":"LATENT","link":null},{"localized_name":"clip_vision_embeds","name":"clip_vision_embeds","shape":7,"type":"WANVIDIMAGE_CLIPEMBEDS","link":115},{"localized_name":"pose_strength_spatial","name":"pose_strength_spatial","type":"FLOAT","widget":{"name":"pose_strength_spatial"},"link":null},{"localized_name":"pose_strength_temporal","name":"pose_strength_temporal","type":"FLOAT","widget":{"name":"pose_strength_temporal"},"link":null},{"localized_name":"start_percent","name":"start_percent","type":"FLOAT","widget":{"name":"start_percent"},"link":null},{"localized_name":"end_percent","name":"end_percent","type":"FLOAT","widget":{"name":"end_percent"},"link":null}],"outputs":[{"localized_name":"image_embeds","name":"image_embeds","type":"WANVIDIMAGE_EMBEDS","links":[194]}],"properties":{"cnr_id":"ComfyUI-WanVideoWrapper","ver":"772642b4f132a077f655ff24d11cb99ef108aff5","Node name for S&R":"WanVideoAddSteadyDancerEmbeds"},"widgets_values":[1,1,0,1]},{"id":22,"type":"WanVideoModelLoader","pos":[-834.6277690966749,-1172.6630946878518],"size":[477.4410095214844,338],"flags":{},"order":30,"mode":0,"inputs":[{"localized_name":"compile_args","name":"compile_args","shape":7,"type":"WANCOMPILEARGS","link":120},{"localized_name":"block_swap_args","name":"block_swap_args","shape":7,"type":"BLOCKSWAPARGS","link":null},{"localized_name":"lora","name":"lora","shape":7,"type":"WANVIDLORA","link":null},{"localized_name":"vram_management_args","name":"vram_management_args","shape":7,"type":"VRAM_MANAGEMENTARGS","link":null},{"localized_name":"extra_model","name":"extra_model","shape":7,"type":"VACEPATH","link":null},{"localized_name":"fantasytalking_model","name":"fantasytalking_model","shape":7,"type":"FANTASYTALKINGMODEL","link":null},{"localized_name":"multitalk_model","name":"multitalk_model","shape":7,"type":"MULTITALKMODEL","link":null},{"localized_name":"fantasyportrait_model","name":"fantasyportrait_model","shape":7,"type":"FANTASYPORTRAITMODEL","link":null},{"localized_name":"model","name":"model","type":"COMBO","widget":{"name":"model"},"link":null},{"localized_name":"base_precision","name":"base_precision","type":"COMBO","widget":{"name":"base_precision"},"link":null},{"localized_name":"quantization","name":"quantization","type":"COMBO","widget":{"name":"quantization"},"link":null},{"localized_name":"load_device","name":"load_device","type":"COMBO","widget":{"name":"load_device"},"link":null},{"localized_name":"attention_mode","name":"attention_mode","shape":7,"type":"COMBO","widget":{"name":"attention_mode"},"link":null},{"localized_name":"rms_norm_function","name":"rms_norm_function","shape":7,"type":"COMBO","widget":{"name":"rms_norm_function"},"link":null},{"name":"vace_model","shape":7,"type":"VACEPATH","link":null}],"outputs":[{"localized_name":"model","name":"model","type":"WANVIDEOMODEL","slot_index":0,"links":[90]}],"properties":{"cnr_id":"ComfyUI-WanVideoWrapper","ver":"d9b1f4d1a5aea91d101ae97a54714a5861af3f50","Node name for S&R":"WanVideoModelLoader"},"widgets_values":["WanVideo/SteadyDancer/Wan21_SteadyDancer_fp8_e4m3fn_scaled_KJ.safetensors","fp16_fast","disabled","offload_device","sageattn","default"],"color":"#223","bgcolor":"#335"},{"id":76,"type":"LoadImage","pos":[-1055.5407114245884,-455.9126233400407],"size":[307.65370061186877,519.0390204964908],"flags":{},"order":23,"mode":0,"inputs":[{"localized_name":"图像","name":"image","type":"COMBO","widget":{"name":"image"},"link":null},{"localized_name":"选择文件上传","name":"upload","type":"IMAGEUPLOAD","widget":{"name":"upload"},"link":null}],"outputs":[{"localized_name":"图像","name":"IMAGE","type":"IMAGE","links":[122]},{"localized_name":"遮罩","name":"MASK","type":"MASK","links":null}],"properties":{"cnr_id":"comfy-core","ver":"0.3.75","Node name for S&R":"LoadImage"},"widgets_values":["00001.png","image"]},{"id":98,"type":"SetNode","pos":[-608.5783406197372,737.5431642878269],"size":[210,60],"flags":{"collapsed":true},"order":37,"mode":0,"inputs":[{"name":"INT","type":"INT","link":156}],"outputs":[{"name":"INT","type":"INT","links":[211]}],"title":"Set_width","properties":{"previousName":"width"},"widgets_values":["width"],"color":"#1b4669","bgcolor":"#29699c"},{"id":68,"type":"ImageResizeKJv2","pos":[-514.1092122760831,-338.975839023905],"size":[270,336],"flags":{},"order":33,"mode":0,"inputs":[{"localized_name":"image","name":"image","type":"IMAGE","link":122},{"localized_name":"mask","name":"mask","shape":7,"type":"MASK","link":null},{"localized_name":"width","name":"width","type":"INT","widget":{"name":"width"},"link":163},{"localized_name":"height","name":"height","type":"INT","widget":{"name":"height"},"link":164},{"localized_name":"upscale_method","name":"upscale_method","type":"COMBO","widget":{"name":"upscale_method"},"link":null},{"localized_name":"keep_proportion","name":"keep_proportion","type":"COMBO","widget":{"name":"keep_proportion"},"link":null},{"localized_name":"pad_color","name":"pad_color","type":"STRING","widget":{"name":"pad_color"},"link":null},{"localized_name":"crop_position","name":"crop_position","type":"COMBO","widget":{"name":"crop_position"},"link":null},{"localized_name":"divisible_by","name":"divisible_by","type":"INT","widget":{"name":"divisible_by"},"link":null},{"localized_name":"device","name":"device","shape":7,"type":"COMBO","widget":{"name":"device"},"link":null}],"outputs":[{"localized_name":"图像","name":"IMAGE","type":"IMAGE","links":[153,218]},{"localized_name":"width","name":"width","type":"INT","links":[]},{"localized_name":"height","name":"height","type":"INT","links":[]},{"localized_name":"mask","name":"mask","type":"MASK","links":null}],"properties":{"cnr_id":"comfyui-kjnodes","ver":"ad37ce656c13e9abea002b46e3a89be3dba32355","Node name for S&R":"ImageResizeKJv2"},"widgets_values":[480,832,"lanczos","crop","0, 0, 0","center",16,"cpu"]},{"id":131,"type":"PreviewImage","pos":[-11.954540747429869,1076.9295025821227],"size":[210,382.14765702148634],"flags":{"collapsed":false},"order":44,"mode":0,"inputs":[{"localized_name":"图像","name":"images","type":"IMAGE","link":219}],"outputs":[],"properties":{"cnr_id":"comfy-core","ver":"0.3.76","Node name for S&R":"PreviewImage"},"widgets_values":[]},{"id":130,"type":"PoseDetectionOneToAllAnimation","pos":[-430,1190],"size":[321.68515625,214],"flags":{},"order":41,"mode":0,"inputs":[{"localized_name":"model","name":"model","type":"POSEMODEL","link":210},{"localized_name":"images","name":"images","type":"IMAGE","link":217},{"localized_name":"ref_image","name":"ref_image","shape":7,"type":"IMAGE","link":218},{"localized_name":"width","name":"width","type":"INT","widget":{"name":"width"},"link":211},{"localized_name":"height","name":"height","type":"INT","widget":{"name":"height"},"link":212},{"localized_name":"align_to","name":"align_to","type":"COMBO","widget":{"name":"align_to"},"link":null},{"localized_name":"draw_face_points","name":"draw_face_points","type":"COMBO","widget":{"name":"draw_face_points"},"link":null},{"localized_name":"draw_head","name":"draw_head","type":"COMBO","widget":{"name":"draw_head"},"link":null}],"outputs":[{"localized_name":"pose_images","name":"pose_images","type":"IMAGE","links":[213]},{"localized_name":"ref_pose_image","name":"ref_pose_image","type":"IMAGE","links":[219]},{"localized_name":"ref_image","name":"ref_image","type":"IMAGE","links":[]},{"localized_name":"ref_mask","name":"ref_mask","type":"MASK","links":[]}],"properties":{"cnr_id":"ComfyUI-WanAnimatePreprocess","ver":"8689199bf4fd631bf3e46a64f8304d826f398442","Node name for S&R":"PoseDetectionOneToAllAnimation"},"widgets_values":[832,480,"ref","weak","full"]},{"id":127,"type":"Note","pos":[-828.1559188684124,-1360.1125375703239],"size":[478.80782776762874,88],"flags":{},"order":24,"mode":0,"inputs":[],"outputs":[],"properties":{},"widgets_values":["https://huggingface.co/Kijai/WanVideo_comfy/tree/main/SteadyDancer\nhttps://huggingface.co/Kijai/WanVideo_comfy_fp8_scaled/tree/main/SteadyDancer\nhttps://huggingface.co/MCG-NJU/SteadyDancer-GGUF"],"color":"#432","bgcolor":"#653"},{"id":133,"type":"MarkdownNote","pos":[-1151.116941581042,346.8999869548264],"size":[513.9422004724022,289.83132461985497],"flags":{"collapsed":false},"order":26,"mode":0,"inputs":[],"outputs":[],"title":"Preprocessor links","properties":{},"widgets_values":["Nodes:\n\n[https://github.com/kijai/ComfyUI-WanAnimatePreprocess](https://github.com/kijai/ComfyUI-WanAnimatePreprocess)\n\nModels:\n\nYOLO:\n\n[https://huggingface.co/Wan-AI/Wan2.2-Animate-14B/blob/main/process_checkpoint/det/yolov10m.onnx](https://huggingface.co/Wan-AI/Wan2.2-Animate-14B/blob/main/process_checkpoint/det/yolov10m.onnx)\n\nViTPose\n\nLarge:\n\n[https://huggingface.co/JunkyByte/easy_ViTPose/blob/main/onnx/wholebody/vitpose-l-wholebody.onnx](https://huggingface.co/JunkyByte/easy_ViTPose/blob/main/onnx/wholebody/vitpose-l-wholebody.onnx)\n\nHuge (needs both files):\n\n[https://huggingface.co/Kijai/vitpose_comfy/blob/main/onnx/vitpose_h_wholebody_model.onnx](https://huggingface.co/Kijai/vitpose_comfy/blob/main/onnx/vitpose_h_wholebody_model.onnx)\n\n[https://huggingface.co/Kijai/vitpose_comfy/blob/main/onnx/vitpose_h_wholebody_data.bin](https://huggingface.co/Kijai/vitpose_comfy/blob/main/onnx/vitpose_h_wholebody_data.bin)"],"color":"#432","bgcolor":"#653"},{"id":75,"type":"VHS_LoadVideo","pos":[-1025.5680464289328,688.63451531696],"size":[296.0120268545073,802.0208291175888],"flags":{},"order":27,"mode":0,"inputs":[{"localized_name":"meta_batch","name":"meta_batch","shape":7,"type":"VHS_BatchManager","link":null},{"localized_name":"vae","name":"vae","shape":7,"type":"VAE","link":null},{"localized_name":"video","name":"video","type":"COMBO","widget":{"name":"video"},"link":null},{"localized_name":"force_rate","name":"force_rate","type":"FLOAT","widget":{"name":"force_rate"},"link":null},{"localized_name":"custom_width","name":"custom_width","type":"INT","widget":{"name":"custom_width"},"link":null},{"localized_name":"custom_height","name":"custom_height","type":"INT","widget":{"name":"custom_height"},"link":null},{"localized_name":"frame_load_cap","name":"frame_load_cap","type":"INT","widget":{"name":"frame_load_cap"},"link":null},{"localized_name":"skip_first_frames","name":"skip_first_frames","type":"INT","widget":{"name":"skip_first_frames"},"link":null},{"localized_name":"select_every_nth","name":"select_every_nth","type":"INT","widget":{"name":"select_every_nth"},"link":null},{"localized_name":"format","name":"format","shape":7,"type":"COMBO","widget":{"name":"format"},"link":null}],"outputs":[{"localized_name":"图像","name":"IMAGE","type":"IMAGE","links":[129]},{"localized_name":"frame_count","name":"frame_count","type":"INT","links":[]},{"localized_name":"audio","name":"audio","type":"AUDIO","links":null},{"localized_name":"video_info","name":"video_info","type":"VHS_VIDEOINFO","links":null}],"properties":{"cnr_id":"comfyui-videohelpersuite","ver":"8550981384301e9bc5bfea83e5c2c75258102593","Node name for S&R":"VHS_LoadVideo"},"widgets_values":{"video":"00001.mp4","force_rate":16,"custom_width":480,"custom_height":832,"frame_load_cap":176,"skip_first_frames":0,"select_every_nth":1,"format":"AnimateDiff","choose video to upload":"image","videopreview":{"hidden":false,"paused":false,"params":{"filename":"00001.mp4","type":"input","format":"video/mp4","force_rate":16,"custom_width":480,"custom_height":832,"frame_load_cap":176,"skip_first_frames":0,"select_every_nth":1}}}},{"id":129,"type":"OnnxDetectionModelLoader","pos":[-430,1020],"size":[292.8853515625,106],"flags":{},"order":28,"mode":0,"inputs":[{"localized_name":"vitpose_model","name":"vitpose_model","type":"COMBO","widget":{"name":"vitpose_model"},"link":null},{"localized_name":"yolo_model","name":"yolo_model","type":"COMBO","widget":{"name":"yolo_model"},"link":null},{"localized_name":"onnx_device","name":"onnx_device","type":"COMBO","widget":{"name":"onnx_device"},"link":null}],"outputs":[{"localized_name":"model","name":"model","type":"POSEMODEL","links":[210]}],"properties":{"cnr_id":"ComfyUI-WanAnimatePreprocess","ver":"2fcbcae7eec637fdc712fdec18e6266feb8ba3a7","Node name for S&R":"OnnxDetectionModelLoader"},"widgets_values":["onnx/vitpose_h_wholebody_model.onnx","onnx/yolov10m.onnx","CUDAExecutionProvider"]},{"id":132,"type":"Note","pos":[96.62222832681353,-1374.8381107350556],"size":[478.80782776762874,88],"flags":{},"order":25,"mode":0,"inputs":[],"outputs":[],"properties":{},"widgets_values":["https://huggingface.co/Kijai/WanVideo_comfy/blob/main/Lightx2v/lightx2v_I2V_14B_480p_cfg_step_distill_rank64_bf16.safetensors"],"color":"#432","bgcolor":"#653"},{"id":91,"type":"GetImageSizeAndCount","pos":[-619.839219965866,590.2009898620114],"size":[196.2994140625,86],"flags":{},"order":34,"mode":0,"inputs":[{"localized_name":"image","name":"image","type":"IMAGE","link":129}],"outputs":[{"localized_name":"image","name":"image","type":"IMAGE","links":[217]},{"label":"480 width","localized_name":"width","name":"width","type":"INT","links":[156]},{"label":"832 height","localized_name":"height","name":"height","type":"INT","links":[158]},{"label":"120 count","localized_name":"count","name":"count","type":"INT","links":[132]}],"properties":{"cnr_id":"comfyui-kjnodes","ver":"f37df472dfb325f1f72c90e2df56e72f40f850f0","Node name for S&R":"GetImageSizeAndCount"},"widgets_values":[]},{"id":118,"type":"WanVideoSamplerFromSettings","pos":[1497.3310308258558,-339.08256525853756],"size":[734.7520165037962,1306.9034952732468],"flags":{"collapsed":true},"order":52,"mode":0,"inputs":[{"localized_name":"sampler_inputs","name":"sampler_inputs","type":"SAMPLER_ARGS","link":191}],"outputs":[{"localized_name":"samples","name":"samples","type":"LATENT","links":[195]},{"localized_name":"denoised_samples","name":"denoised_samples","type":"LATENT","links":null}],"properties":{"cnr_id":"ComfyUI-WanVideoWrapper","ver":"394c7c13d24e5d3378e8259f9c2f9d33c49d985f","Node name for S&R":"WanVideoSamplerFromSettings"},"widgets_values":[]}],"links":[[82,65,0,63,1,"WANVIDIMAGE_CLIPEMBEDS"],[90,22,0,70,0,"WANVIDEOMODEL"],[92,39,0,70,1,"BLOCKSWAPARGS"],[93,63,0,71,0,"WANVIDIMAGE_EMBEDS"],[102,72,0,71,1,"LATENT"],[104,70,0,78,0,"WANVIDEOMODEL"],[106,69,0,78,1,"WANVIDLORA"],[114,81,0,82,1,"IMAGE"],[115,82,0,71,3,"WANVIDIMAGE_CLIPEMBEDS"],[120,35,0,22,0,"WANCOMPILEARGS"],[122,76,0,68,0,"IMAGE"],[129,75,0,91,0,"IMAGE"],[132,91,3,63,11,"INT"],[153,68,0,96,0,"*"],[154,96,0,63,2,"IMAGE"],[155,97,0,79,0,"IMAGE"],[156,91,1,98,0,"*"],[158,91,2,99,0,"*"],[161,100,0,77,3,"INT"],[162,101,0,77,2,"INT"],[163,102,0,68,2,"INT"],[164,103,0,68,3,"INT"],[165,104,0,63,9,"INT"],[166,105,0,63,10,"INT"],[169,59,0,106,0,"*"],[171,107,0,82,0,"CLIP_VISION"],[172,38,0,108,0,"*"],[174,109,0,28,0,"WANVAE"],[175,112,0,72,0,"WANVAE"],[176,77,0,113,0,"*"],[177,114,0,79,1,"IMAGE"],[179,28,0,115,0,"IMAGE"],[180,79,0,115,1,"IMAGE"],[181,115,0,83,0,"IMAGE"],[182,116,0,63,0,"WANVAE"],[184,113,0,117,0,"IMAGE"],[185,113,0,72,1,"IMAGE"],[186,113,0,81,0,"IMAGE"],[191,119,0,118,0,"SAMPLER_ARGS"],[192,78,0,119,0,"WANVIDEOMODEL"],[193,87,0,119,5,"WANVIDCONTEXT"],[194,71,0,119,1,"WANVIDIMAGE_EMBEDS"],[195,118,0,28,1,"LATENT"],[196,92,0,119,2,"WANVIDEOTEXTEMBEDS"],[205,123,0,119,18,"FLOAT"],[206,122,3,119,22,"COMBO"],[207,124,0,119,20,"INT"],[208,128,0,65,0,"CLIP_VISION"],[209,96,0,65,1,"IMAGE"],[210,129,0,130,0,"POSEMODEL"],[211,98,0,130,3,"INT"],[212,99,0,130,4,"INT"],[213,130,0,77,0,"IMAGE"],[217,91,0,130,1,"IMAGE"],[218,68,0,130,2,"IMAGE"],[219,130,1,131,0,"IMAGE"]],"groups":[{"id":1,"title":"Pose","bounding":[-1172.0137082077667,278.7376420226755,2539.1966332900274,1239.3696389999159],"color":"#3f789e","font_size":24,"flags":{}},{"id":2,"title":"Models","bounding":[-1348.1214363740485,-1447.2612623119862,2150.821271184883,811.4257822231209],"color":"#88A","font_size":24,"flags":{}},{"id":3,"title":"Reference image","bounding":[-1124.0317402246226,-587.3823435536085,1623.835016750919,831.8098625752689],"color":"#3f789e","font_size":24,"flags":{}}],"config":{},"extra":{"ds":{"scale":0.814027493868451,"offset":[-204.74971604317716,456.44635190683266]},"frontendVersion":"1.34.0","workflowRendererVersion":"LG","node_versions":{"ComfyUI-WanVideoWrapper":"5a2383621a05825d0d0437781afcb8552d9590fd","comfy-core":"0.3.26","ComfyUI-KJNodes":"a5bd3c86c8ed6b83c55c2d0e7a59515b15a0137f","ComfyUI-VideoHelperSuite":"0a75c7958fe320efcb052f1d9f8451fd20c730a8"},"VHS_latentpreview":true,"VHS_latentpreviewrate":0,"VHS_MetadataImage":true,"VHS_KeepIntermediate":true},"version":0.4}